citeseer_gcn_clean_dnn,0.2264,0.4981,0.5925,0.6528,0.683,0.7321,0.7774,0.8151,0.883,0.9962
citeseer_gcn_clean_lgb,0.2906,0.5057,0.6226,0.6868,0.7283,0.7849,0.8453,0.8868,0.9396,0.9962
citeseer_gcn_clean_rf,0.3132,0.4981,0.6377,0.6981,0.7698,0.8453,0.8906,0.917,0.9509,0.9962
citeseer_gcn_clean_lr,0.2189,0.5057,0.634,0.683,0.7358,0.7774,0.8226,0.8528,0.9094,0.9962
citeseer_gcn_clean_mutation,0.2981,0.4792,0.6453,0.7057,0.7698,0.8264,0.8717,0.9283,0.9736,0.9962
citeseer_gcn_clean_margin,0.234,0.4038,0.5509,0.6528,0.7283,0.8151,0.8679,0.9396,0.966,0.9962
citeseer_gcn_clean_deepGini,0.2038,0.3472,0.4717,0.5887,0.7057,0.7849,0.8604,0.9283,0.9623,0.9962
citeseer_gcn_clean_leastConfidence,0.2264,0.3887,0.5396,0.6491,0.7472,0.8151,0.883,0.9434,0.9623,0.9962
citeseer_gcn_clean_random,0.1094,0.2377,0.3132,0.3925,0.4981,0.6151,0.7057,0.8151,0.8981,0.9962
citeseer_gcn_dice_dnn,0.2174,0.4482,0.5719,0.6288,0.6722,0.7291,0.7726,0.8261,0.903,0.9967
citeseer_gcn_dice_lgb,0.2308,0.4482,0.6254,0.6856,0.7692,0.806,0.8361,0.9231,0.9565,0.9967
citeseer_gcn_dice_rf,0.2609,0.4515,0.5987,0.6923,0.7759,0.8462,0.8997,0.9164,0.9498,0.9967
citeseer_gcn_dice_lr,0.2308,0.4482,0.5819,0.6622,0.7157,0.7726,0.8294,0.8796,0.9331,0.9967
citeseer_gcn_dice_mutation,0.2508,0.388,0.5518,0.6722,0.7391,0.7926,0.8562,0.9264,0.9799,0.9967
citeseer_gcn_dice_margin,0.214,0.3645,0.5184,0.6355,0.7258,0.7993,0.8662,0.9164,0.9599,0.9967
citeseer_gcn_dice_deepGini,0.1973,0.3311,0.4649,0.5853,0.6823,0.7659,0.8428,0.9231,0.9599,0.9967
citeseer_gcn_dice_leastConfidence,0.2074,0.3612,0.4983,0.6488,0.7258,0.7993,0.8696,0.9331,0.9599,0.9967
citeseer_gcn_dice_random,0.1137,0.2207,0.3043,0.4181,0.5318,0.6388,0.7425,0.8294,0.9197,0.9967
citeseer_gcn_minmax_dnn,0.2815,0.4963,0.6259,0.6889,0.737,0.7593,0.8148,0.8481,0.9111,0.9963
citeseer_gcn_minmax_lgb,0.3037,0.4963,0.637,0.7259,0.7926,0.8556,0.9037,0.9222,0.963,0.9963
citeseer_gcn_minmax_rf,0.3,0.4889,0.637,0.737,0.8185,0.8741,0.8963,0.9222,0.963,0.9963
citeseer_gcn_minmax_lr,0.2667,0.463,0.5889,0.6889,0.763,0.8074,0.8704,0.8852,0.937,0.9963
citeseer_gcn_minmax_mutation,0.3037,0.4778,0.6185,0.6889,0.7444,0.8111,0.8704,0.9259,0.9741,0.9963
citeseer_gcn_minmax_margin,0.2185,0.4037,0.5593,0.6407,0.7333,0.7963,0.863,0.9296,0.9593,0.9963
citeseer_gcn_minmax_deepGini,0.1815,0.3296,0.4741,0.5963,0.6889,0.7852,0.8444,0.9148,0.9593,0.9963
citeseer_gcn_minmax_leastConfidence,0.2148,0.3815,0.5259,0.663,0.7333,0.8111,0.8741,0.9296,0.963,0.9963
citeseer_gcn_minmax_random,0.0963,0.1963,0.2963,0.3852,0.4667,0.5593,0.6778,0.7741,0.8963,0.9963
citeseer_gcn_pgdattack_dnn,0.3063,0.5092,0.6273,0.7085,0.7454,0.7675,0.8155,0.8561,0.9188,0.9963
citeseer_gcn_pgdattack_lgb,0.2768,0.4945,0.6531,0.7528,0.8081,0.8672,0.893,0.9262,0.952,0.9963
citeseer_gcn_pgdattack_rf,0.2952,0.4982,0.6494,0.7712,0.8339,0.8745,0.8967,0.9336,0.9631,0.9963
citeseer_gcn_pgdattack_lr,0.2435,0.4945,0.6015,0.6937,0.7638,0.8081,0.8745,0.893,0.9336,0.9963
citeseer_gcn_pgdattack_mutation,0.2841,0.476,0.6421,0.7232,0.7712,0.8266,0.8967,0.9446,0.9852,0.9963
citeseer_gcn_pgdattack_margin,0.2066,0.3875,0.5424,0.6679,0.7601,0.8044,0.8598,0.9446,0.9668,0.9963
citeseer_gcn_pgdattack_deepGini,0.2103,0.3432,0.4797,0.5904,0.7085,0.8081,0.8635,0.9262,0.9594,0.9963
citeseer_gcn_pgdattack_leastConfidence,0.2288,0.3985,0.5351,0.6531,0.7417,0.8266,0.8856,0.9446,0.9631,0.9963
citeseer_gcn_pgdattack_random,0.0664,0.1771,0.2546,0.3506,0.4723,0.572,0.6531,0.7786,0.8819,0.9963
citeseer_gcn_randomattack_add_dnn,0.2492,0.4953,0.6309,0.6719,0.7098,0.7666,0.8044,0.877,0.9274,0.9968
citeseer_gcn_randomattack_add_lgb,0.2429,0.4763,0.6309,0.7129,0.7476,0.8076,0.8454,0.8959,0.9685,0.9968
citeseer_gcn_randomattack_add_rf,0.2618,0.4795,0.6404,0.7224,0.7981,0.8454,0.8833,0.918,0.959,0.9968
citeseer_gcn_randomattack_add_lr,0.2397,0.4858,0.6309,0.6877,0.7445,0.7792,0.8297,0.8738,0.918,0.9968
citeseer_gcn_randomattack_add_mutation,0.2618,0.47,0.6183,0.7382,0.7918,0.8297,0.8707,0.9306,0.9748,0.9968
citeseer_gcn_randomattack_add_margin,0.2145,0.388,0.5394,0.6467,0.7476,0.817,0.8864,0.9306,0.9716,0.9968
citeseer_gcn_randomattack_add_deepGini,0.224,0.3754,0.511,0.612,0.6877,0.7729,0.8675,0.9243,0.9621,0.9968
citeseer_gcn_randomattack_add_leastConfidence,0.224,0.4038,0.5363,0.6562,0.7319,0.8076,0.8896,0.9369,0.9653,0.9968
citeseer_gcn_randomattack_add_random,0.123,0.2019,0.2934,0.3943,0.4921,0.5962,0.7098,0.8013,0.8833,0.9968
citeseer_gcn_randomattack_flip_dnn,0.2278,0.481,0.6392,0.6741,0.7247,0.7816,0.8259,0.8608,0.9399,0.9968
citeseer_gcn_randomattack_flip_lgb,0.2563,0.4778,0.6456,0.7025,0.7816,0.8228,0.8608,0.9082,0.9557,0.9968
citeseer_gcn_randomattack_flip_rf,0.269,0.4873,0.6392,0.7215,0.7943,0.8323,0.8766,0.9114,0.9557,0.9968
citeseer_gcn_randomattack_flip_lr,0.25,0.4873,0.6329,0.7057,0.7373,0.7943,0.8291,0.8671,0.9209,0.9968
citeseer_gcn_randomattack_flip_mutation,0.2595,0.4557,0.6329,0.7215,0.7848,0.8386,0.8829,0.9399,0.9715,0.9968
citeseer_gcn_randomattack_flip_margin,0.1867,0.3576,0.5253,0.6329,0.7215,0.8101,0.8639,0.9367,0.9652,0.9968
citeseer_gcn_randomattack_flip_deepGini,0.2215,0.3449,0.481,0.5981,0.6899,0.7816,0.8544,0.9177,0.9652,0.9968
citeseer_gcn_randomattack_flip_leastConfidence,0.2057,0.3671,0.5253,0.6329,0.7342,0.8006,0.8703,0.9399,0.9652,0.9968
citeseer_gcn_randomattack_flip_random,0.0854,0.1741,0.2785,0.3703,0.4684,0.5538,0.6741,0.7911,0.9019,0.9968
citeseer_gcn_randomattack_remove_dnn,0.2721,0.511,0.5699,0.625,0.6654,0.7132,0.7794,0.8456,0.9007,0.9963
citeseer_gcn_randomattack_remove_lgb,0.3051,0.5147,0.6471,0.7279,0.7684,0.8088,0.8456,0.9007,0.9522,0.9963
citeseer_gcn_randomattack_remove_rf,0.3125,0.5074,0.6471,0.7279,0.7978,0.8493,0.864,0.8934,0.9522,0.9963
citeseer_gcn_randomattack_remove_lr,0.2721,0.4926,0.6176,0.6949,0.75,0.8088,0.864,0.8971,0.9301,0.9963
citeseer_gcn_randomattack_remove_mutation,0.3015,0.4559,0.6066,0.7169,0.75,0.8456,0.8971,0.9449,0.9706,0.9963
citeseer_gcn_randomattack_remove_margin,0.2279,0.4154,0.5551,0.6507,0.7206,0.8162,0.864,0.9375,0.9669,0.9963
citeseer_gcn_randomattack_remove_deepGini,0.2096,0.3346,0.4596,0.5882,0.7243,0.8015,0.8419,0.9044,0.9632,0.9963
citeseer_gcn_randomattack_remove_leastConfidence,0.2169,0.3934,0.5257,0.6397,0.7316,0.8199,0.8897,0.9301,0.9669,0.9963
citeseer_gcn_randomattack_remove_random,0.114,0.2279,0.3419,0.4412,0.5184,0.6176,0.6985,0.7831,0.8824,0.9963
citeseer_gat_clean_dnn,0.2263,0.4893,0.6667,0.7217,0.7554,0.7859,0.844,0.8869,0.9205,0.9969
citeseer_gat_clean_lgb,0.2569,0.4924,0.685,0.789,0.844,0.8624,0.8869,0.9235,0.945,0.9969
citeseer_gat_clean_rf,0.2569,0.4893,0.6881,0.789,0.8257,0.8563,0.8991,0.9327,0.9694,0.9969
citeseer_gat_clean_lr,0.2355,0.4893,0.6697,0.7554,0.7798,0.8043,0.844,0.8807,0.9113,0.9969
citeseer_gat_clean_mutation,0.2752,0.4985,0.6667,0.789,0.8624,0.893,0.9205,0.9602,0.9786,0.9969
citeseer_gat_clean_margin,0.2018,0.3976,0.5505,0.6697,0.7737,0.8502,0.9083,0.9358,0.9786,0.9969
citeseer_gat_clean_deepGini,0.1804,0.3119,0.4618,0.5933,0.7095,0.7829,0.8654,0.945,0.9786,0.9969
citeseer_gat_clean_leastConfidence,0.1927,0.3823,0.5229,0.6606,0.7645,0.8471,0.9021,0.9511,0.9786,0.9969
citeseer_gat_clean_random,0.107,0.1896,0.2997,0.4006,0.4985,0.5933,0.7125,0.8196,0.9144,0.9969
citeseer_gat_dice_dnn,0.218,0.4305,0.6213,0.7493,0.7847,0.8174,0.8665,0.9074,0.9564,0.9973
citeseer_gat_dice_lgb,0.2371,0.4523,0.624,0.7493,0.8311,0.8856,0.9183,0.9455,0.9673,0.9973
citeseer_gat_dice_rf,0.2398,0.4469,0.6294,0.7439,0.8311,0.8883,0.9128,0.9482,0.9673,0.9973
citeseer_gat_dice_lr,0.218,0.4469,0.6213,0.7384,0.7984,0.8229,0.8692,0.9101,0.9564,0.9973
citeseer_gat_dice_mutation,0.2425,0.4496,0.594,0.7193,0.812,0.8828,0.9155,0.9564,0.9728,0.9973
citeseer_gat_dice_margin,0.1798,0.3569,0.4659,0.5804,0.7057,0.7956,0.8801,0.9346,0.9755,0.9973
citeseer_gat_dice_deepGini,0.1717,0.3106,0.4469,0.5777,0.6676,0.7657,0.842,0.9319,0.9755,0.9973
citeseer_gat_dice_leastConfidence,0.1989,0.3433,0.455,0.5995,0.7057,0.7984,0.8883,0.9428,0.9728,0.9973
citeseer_gat_dice_random,0.0899,0.1989,0.3324,0.4496,0.5232,0.6267,0.7139,0.8038,0.8883,0.9973
citeseer_gat_minmax_dnn,0.231,0.4742,0.6565,0.7325,0.766,0.7964,0.8267,0.8754,0.924,0.997
citeseer_gat_minmax_lgb,0.2644,0.4894,0.6413,0.766,0.8298,0.8632,0.9179,0.9453,0.9726,0.997
citeseer_gat_minmax_rf,0.2705,0.4894,0.6505,0.772,0.8359,0.8754,0.8967,0.9301,0.9666,0.997
citeseer_gat_minmax_lr,0.2462,0.465,0.6444,0.7477,0.8024,0.8359,0.8541,0.8875,0.9179,0.997
citeseer_gat_minmax_mutation,0.2766,0.5076,0.6748,0.7751,0.8359,0.8906,0.9119,0.9453,0.9757,0.997
citeseer_gat_minmax_margin,0.1915,0.3739,0.5076,0.6261,0.7416,0.8359,0.8997,0.9392,0.9787,0.997
citeseer_gat_minmax_deepGini,0.1733,0.3222,0.462,0.6018,0.7143,0.7994,0.8663,0.9422,0.9787,0.997
citeseer_gat_minmax_leastConfidence,0.1854,0.3739,0.5137,0.6261,0.7416,0.8298,0.9058,0.9514,0.9726,0.997
citeseer_gat_minmax_random,0.1094,0.1976,0.2918,0.3951,0.4833,0.5593,0.6657,0.7568,0.8663,0.997
citeseer_gat_pgdattack_dnn,0.2212,0.4484,0.6608,0.7817,0.7994,0.8437,0.8673,0.8997,0.9263,0.9971
citeseer_gat_pgdattack_lgb,0.2625,0.4926,0.6372,0.7847,0.8584,0.8909,0.9086,0.9381,0.9794,0.9971
citeseer_gat_pgdattack_rf,0.2684,0.4956,0.6755,0.7906,0.8614,0.8997,0.9263,0.944,0.9823,0.9971
citeseer_gat_pgdattack_lr,0.2271,0.472,0.6549,0.7699,0.8201,0.8378,0.8673,0.8968,0.9204,0.9971
citeseer_gat_pgdattack_mutation,0.2802,0.4956,0.6608,0.7965,0.8702,0.8938,0.9322,0.9676,0.9882,0.9971
citeseer_gat_pgdattack_margin,0.2065,0.4159,0.5487,0.6637,0.7729,0.8437,0.9027,0.9499,0.9794,0.9971
citeseer_gat_pgdattack_deepGini,0.1829,0.3245,0.4867,0.6106,0.708,0.7994,0.8761,0.9587,0.9853,0.9971
citeseer_gat_pgdattack_leastConfidence,0.2094,0.3894,0.531,0.6637,0.764,0.8437,0.9115,0.9617,0.9823,0.9971
citeseer_gat_pgdattack_random,0.1062,0.1976,0.2714,0.3628,0.4661,0.5723,0.6844,0.7847,0.885,0.9971
citeseer_gat_randomattack_add_dnn,0.2208,0.4367,0.6253,0.7419,0.7792,0.8238,0.866,0.9231,0.9479,0.9975
citeseer_gat_randomattack_add_lgb,0.2184,0.4268,0.6179,0.7568,0.8511,0.8908,0.9305,0.9504,0.9727,0.9975
citeseer_gat_randomattack_add_rf,0.2208,0.4293,0.6129,0.7742,0.8511,0.9007,0.9305,0.9454,0.9677,0.9975
citeseer_gat_randomattack_add_lr,0.2109,0.4342,0.6253,0.7717,0.8114,0.8462,0.8759,0.9082,0.9479,0.9975
citeseer_gat_randomattack_add_mutation,0.2258,0.4243,0.6179,0.7742,0.8387,0.8908,0.9355,0.9504,0.9851,0.9975
citeseer_gat_randomattack_add_margin,0.201,0.3648,0.5087,0.6079,0.7171,0.799,0.8908,0.9454,0.9752,0.9975
citeseer_gat_randomattack_add_deepGini,0.1613,0.3176,0.4541,0.5906,0.6973,0.799,0.8685,0.9256,0.9826,0.9975
citeseer_gat_randomattack_add_leastConfidence,0.1836,0.3424,0.5012,0.6228,0.7395,0.8337,0.8958,0.9454,0.9801,0.9975
citeseer_gat_randomattack_add_random,0.1141,0.2283,0.3151,0.397,0.5062,0.6129,0.7047,0.8114,0.9082,0.9975
citeseer_gat_randomattack_flip_dnn,0.2025,0.3899,0.5899,0.7646,0.8228,0.8582,0.8987,0.9316,0.9595,0.9975
citeseer_gat_randomattack_flip_lgb,0.2329,0.4456,0.6203,0.7696,0.8481,0.8886,0.9241,0.9494,0.9696,0.9975
citeseer_gat_randomattack_flip_rf,0.2278,0.4456,0.6278,0.7671,0.8456,0.8861,0.9266,0.9519,0.9797,0.9975
citeseer_gat_randomattack_flip_lr,0.2228,0.4481,0.6253,0.762,0.8304,0.8582,0.8861,0.9165,0.9494,0.9975
citeseer_gat_randomattack_flip_mutation,0.2278,0.4506,0.6405,0.7595,0.8405,0.8886,0.9165,0.9468,0.9772,0.9975
citeseer_gat_randomattack_flip_margin,0.1848,0.3291,0.4709,0.6127,0.7139,0.8203,0.881,0.9342,0.9747,0.9975
citeseer_gat_randomattack_flip_deepGini,0.162,0.3114,0.4582,0.5797,0.6911,0.7747,0.8557,0.9215,0.9772,0.9975
citeseer_gat_randomattack_flip_leastConfidence,0.1722,0.3367,0.4911,0.6177,0.7291,0.8253,0.8886,0.9392,0.9772,0.9975
citeseer_gat_randomattack_flip_random,0.0987,0.2051,0.3063,0.3899,0.4962,0.5949,0.6937,0.8076,0.8962,0.9975
citeseer_gat_randomattack_remove_dnn,0.2378,0.497,0.6585,0.7043,0.7409,0.7866,0.8384,0.8628,0.9146,0.997
citeseer_gat_randomattack_remove_lgb,0.2683,0.5,0.6677,0.7683,0.8201,0.8902,0.9116,0.939,0.9756,0.997
citeseer_gat_randomattack_remove_rf,0.2744,0.5,0.6738,0.7622,0.8415,0.8628,0.9055,0.939,0.9787,0.997
citeseer_gat_randomattack_remove_lr,0.2439,0.4909,0.6738,0.753,0.7957,0.8232,0.872,0.9024,0.9543,0.997
citeseer_gat_randomattack_remove_mutation,0.2805,0.503,0.6067,0.7713,0.8323,0.8902,0.9177,0.9512,0.9848,0.997
citeseer_gat_randomattack_remove_margin,0.2226,0.3689,0.5244,0.6524,0.75,0.8293,0.8963,0.9329,0.9756,0.997
citeseer_gat_randomattack_remove_deepGini,0.1768,0.3018,0.4634,0.5854,0.7073,0.7713,0.8659,0.9451,0.9695,0.997
citeseer_gat_randomattack_remove_leastConfidence,0.1951,0.3811,0.5091,0.6341,0.7287,0.8354,0.8994,0.9512,0.9756,0.997
citeseer_gat_randomattack_remove_random,0.1189,0.2226,0.3171,0.4116,0.503,0.6006,0.7287,0.8201,0.9116,0.997
citeseer_tagcn_clean_dnn,0.27,0.53,0.6433,0.6733,0.7267,0.7767,0.8333,0.89,0.9333,0.9967
citeseer_tagcn_clean_lgb,0.3,0.5367,0.68,0.7667,0.79,0.8367,0.87,0.8867,0.93,0.9967
citeseer_tagcn_clean_rf,0.2967,0.5333,0.69,0.7567,0.7967,0.83,0.8833,0.92,0.9667,0.9967
citeseer_tagcn_clean_lr,0.2967,0.54,0.6867,0.72,0.75,0.8067,0.8367,0.9067,0.9533,0.9967
citeseer_tagcn_clean_mutation,0.2867,0.52,0.6767,0.76,0.8267,0.8767,0.91,0.9333,0.9733,0.9967
citeseer_tagcn_clean_margin,0.2033,0.37,0.5533,0.6667,0.77,0.8567,0.91,0.9433,0.9867,0.9967
citeseer_tagcn_clean_deepGini,0.2033,0.35,0.4533,0.5867,0.6667,0.7667,0.8533,0.9067,0.9633,0.9967
citeseer_tagcn_clean_leastConfidence,0.2367,0.4,0.5433,0.6267,0.7067,0.82,0.9033,0.94,0.99,0.9967
citeseer_tagcn_clean_random,0.1067,0.21,0.2967,0.3967,0.48,0.56,0.6767,0.77,0.88,0.9967
citeseer_tagcn_dice_dnn,0.2196,0.4418,0.6455,0.7354,0.7751,0.8201,0.8677,0.8995,0.9444,0.9974
citeseer_tagcn_dice_lgb,0.2354,0.4603,0.6481,0.7513,0.8307,0.8677,0.9074,0.9312,0.9656,0.9974
citeseer_tagcn_dice_rf,0.2434,0.4603,0.6349,0.7566,0.828,0.8704,0.918,0.9444,0.9683,0.9974
citeseer_tagcn_dice_lr,0.2249,0.4524,0.6508,0.7169,0.7566,0.8148,0.8704,0.9101,0.9365,0.9974
citeseer_tagcn_dice_mutation,0.2275,0.463,0.6243,0.7222,0.8042,0.8624,0.9153,0.9471,0.9815,0.9974
citeseer_tagcn_dice_margin,0.1614,0.3201,0.4815,0.6349,0.7249,0.8148,0.873,0.9392,0.9815,0.9974
citeseer_tagcn_dice_deepGini,0.1587,0.3148,0.4497,0.5582,0.6614,0.746,0.8333,0.8915,0.9444,0.9974
citeseer_tagcn_dice_leastConfidence,0.1746,0.3492,0.4921,0.6217,0.6984,0.7804,0.873,0.9339,0.9656,0.9974
citeseer_tagcn_dice_random,0.1058,0.2116,0.3042,0.3995,0.4921,0.5952,0.6878,0.7831,0.8942,0.9974
citeseer_tagcn_minmax_dnn,0.2465,0.5208,0.6458,0.7083,0.7465,0.7778,0.8194,0.8542,0.8993,0.9965
citeseer_tagcn_minmax_lgb,0.2569,0.5104,0.6528,0.7326,0.8056,0.8368,0.8681,0.9028,0.9479,0.9965
citeseer_tagcn_minmax_rf,0.2917,0.5278,0.6979,0.7639,0.809,0.8646,0.9062,0.9444,0.9896,0.9965
citeseer_tagcn_minmax_lr,0.2292,0.4965,0.6285,0.7014,0.7604,0.7882,0.8299,0.8715,0.9201,0.9965
citeseer_tagcn_minmax_mutation,0.2917,0.5174,0.6528,0.7292,0.8194,0.8854,0.9167,0.9514,0.9792,0.9965
citeseer_tagcn_minmax_margin,0.184,0.3785,0.5521,0.6562,0.7396,0.8368,0.8889,0.9306,0.9722,0.9965
citeseer_tagcn_minmax_deepGini,0.2014,0.3438,0.441,0.5347,0.6354,0.7604,0.8438,0.9028,0.9653,0.9965
citeseer_tagcn_minmax_leastConfidence,0.2222,0.3819,0.5243,0.6076,0.6979,0.8021,0.8958,0.941,0.9861,0.9965
citeseer_tagcn_minmax_random,0.1111,0.2326,0.3542,0.4444,0.5347,0.6424,0.7674,0.8368,0.9201,0.9965
citeseer_tagcn_pgdattack_dnn,0.2638,0.5147,0.6384,0.7068,0.785,0.8274,0.8469,0.8762,0.9088,0.9967
citeseer_tagcn_pgdattack_lgb,0.2378,0.5049,0.6384,0.7134,0.8046,0.8567,0.9121,0.9316,0.9674,0.9967
citeseer_tagcn_pgdattack_rf,0.2671,0.5147,0.6775,0.8046,0.8534,0.899,0.9381,0.9577,0.9739,0.9967
citeseer_tagcn_pgdattack_lr,0.2345,0.4691,0.5831,0.6743,0.7199,0.7915,0.8274,0.8762,0.9088,0.9967
citeseer_tagcn_pgdattack_mutation,0.2801,0.5114,0.6678,0.7492,0.8274,0.8795,0.9088,0.9381,0.9739,0.9967
citeseer_tagcn_pgdattack_margin,0.2117,0.3909,0.5603,0.6906,0.7948,0.8632,0.9121,0.9349,0.987,0.9967
citeseer_tagcn_pgdattack_deepGini,0.2182,0.3713,0.4853,0.5831,0.6906,0.785,0.8697,0.9088,0.9739,0.9967
citeseer_tagcn_pgdattack_leastConfidence,0.2248,0.4202,0.5407,0.6645,0.7394,0.8274,0.9023,0.9414,0.9902,0.9967
citeseer_tagcn_pgdattack_random,0.1107,0.202,0.3192,0.4235,0.5407,0.6254,0.7134,0.8046,0.8958,0.9967
citeseer_tagcn_randomattack_add_dnn,0.2141,0.4491,0.6554,0.7389,0.7911,0.8355,0.8721,0.8982,0.9556,0.9974
citeseer_tagcn_randomattack_add_lgb,0.2376,0.4543,0.6606,0.8094,0.8668,0.906,0.9399,0.9608,0.9869,0.9974
citeseer_tagcn_randomattack_add_rf,0.2324,0.4621,0.6554,0.8094,0.8773,0.9164,0.9243,0.9556,0.9713,0.9974
citeseer_tagcn_randomattack_add_lr,0.2219,0.4569,0.6632,0.7728,0.8251,0.8695,0.9008,0.9347,0.9687,0.9974
citeseer_tagcn_randomattack_add_mutation,0.2245,0.4413,0.6214,0.7467,0.8303,0.8877,0.9243,0.9556,0.9765,0.9974
citeseer_tagcn_randomattack_add_margin,0.1723,0.342,0.5222,0.6449,0.7493,0.8198,0.8956,0.9426,0.9687,0.9974
citeseer_tagcn_randomattack_add_deepGini,0.1697,0.3211,0.47,0.5875,0.6815,0.7728,0.8564,0.9138,0.9582,0.9974
citeseer_tagcn_randomattack_add_leastConfidence,0.1932,0.3629,0.5248,0.6449,0.7415,0.8198,0.8721,0.9347,0.9713,0.9974
citeseer_tagcn_randomattack_add_random,0.1123,0.2272,0.3081,0.3916,0.4804,0.5796,0.6736,0.7859,0.8825,0.9974
citeseer_tagcn_randomattack_flip_dnn,0.2145,0.4314,0.6359,0.7431,0.7805,0.8105,0.8628,0.9102,0.9476,0.9975
citeseer_tagcn_randomattack_flip_lgb,0.2294,0.4539,0.6409,0.7631,0.8254,0.8678,0.8953,0.9352,0.9651,0.9975
citeseer_tagcn_randomattack_flip_rf,0.2419,0.4589,0.6434,0.7656,0.8429,0.8753,0.9027,0.9451,0.9776,0.9975
citeseer_tagcn_randomattack_flip_lr,0.2244,0.4539,0.6384,0.7506,0.803,0.8554,0.8828,0.9102,0.9601,0.9975
citeseer_tagcn_randomattack_flip_mutation,0.2344,0.4489,0.6284,0.7207,0.8005,0.8579,0.8978,0.9426,0.9651,0.9975
citeseer_tagcn_randomattack_flip_margin,0.1671,0.3491,0.4938,0.6209,0.7182,0.813,0.8853,0.9451,0.9726,0.9975
citeseer_tagcn_randomattack_flip_deepGini,0.1671,0.3117,0.4464,0.5461,0.6409,0.7631,0.8504,0.9152,0.9501,0.9975
citeseer_tagcn_randomattack_flip_leastConfidence,0.187,0.3491,0.4938,0.606,0.7207,0.7905,0.8828,0.9401,0.9701,0.9975
citeseer_tagcn_randomattack_flip_random,0.0948,0.202,0.3142,0.4339,0.5112,0.5985,0.6808,0.7731,0.8853,0.9975
citeseer_tagcn_randomattack_remove_dnn,0.2438,0.4969,0.6975,0.7531,0.7747,0.8056,0.8519,0.9074,0.9506,0.9969
citeseer_tagcn_randomattack_remove_lgb,0.2778,0.5031,0.6944,0.7963,0.8457,0.8735,0.9105,0.929,0.9506,0.9969
citeseer_tagcn_randomattack_remove_rf,0.2778,0.5062,0.7006,0.7963,0.8333,0.8735,0.8889,0.929,0.9691,0.9969
citeseer_tagcn_randomattack_remove_lr,0.25,0.5031,0.6944,0.7747,0.8241,0.8488,0.8735,0.9167,0.9506,0.9969
citeseer_tagcn_randomattack_remove_mutation,0.2685,0.5185,0.6759,0.7778,0.8395,0.9074,0.929,0.9475,0.9753,0.9969
citeseer_tagcn_randomattack_remove_margin,0.213,0.3858,0.5494,0.6759,0.7901,0.8549,0.9105,0.9568,0.9907,0.9969
citeseer_tagcn_randomattack_remove_deepGini,0.1914,0.3796,0.5093,0.5957,0.6852,0.7747,0.858,0.9074,0.963,0.9969
citeseer_tagcn_randomattack_remove_leastConfidence,0.1975,0.4074,0.5463,0.6481,0.7346,0.8333,0.9012,0.9537,0.9877,0.9969
citeseer_tagcn_randomattack_remove_random,0.0957,0.2099,0.2778,0.3642,0.4537,0.571,0.6728,0.7901,0.9198,0.9969
citeseer_graphsage_clean_dnn,0.2432,0.5203,0.6655,0.6858,0.7196,0.7669,0.8108,0.8716,0.9257,1.0
citeseer_graphsage_clean_lgb,0.2703,0.5338,0.7027,0.7905,0.8209,0.8378,0.8615,0.902,0.9392,1.0
citeseer_graphsage_clean_rf,0.3007,0.5236,0.7095,0.7905,0.8209,0.8649,0.8953,0.9291,0.9696,1.0
citeseer_graphsage_clean_lr,0.277,0.5304,0.6824,0.7196,0.7432,0.7804,0.8514,0.8919,0.9595,1.0
citeseer_graphsage_clean_mutation,0.3108,0.5405,0.6858,0.8041,0.8581,0.8818,0.9392,0.9662,0.9865,1.0
citeseer_graphsage_clean_margin,0.2331,0.4088,0.5507,0.6791,0.7568,0.848,0.902,0.9459,0.9831,1.0
citeseer_graphsage_clean_deepGini,0.1791,0.3345,0.4493,0.5709,0.6588,0.7297,0.8108,0.8851,0.9595,1.0
citeseer_graphsage_clean_leastConfidence,0.2027,0.3919,0.5203,0.6318,0.7365,0.8311,0.8986,0.9223,0.9831,1.0
citeseer_graphsage_clean_random,0.1014,0.2061,0.3108,0.3953,0.5034,0.5912,0.6926,0.7804,0.8885,1.0
citeseer_graphsage_dice_dnn,0.2301,0.4517,0.6534,0.733,0.7727,0.8097,0.8523,0.9062,0.9403,1.0
citeseer_graphsage_dice_lgb,0.2415,0.4602,0.6534,0.7557,0.8324,0.8778,0.9119,0.9403,0.9602,1.0
citeseer_graphsage_dice_rf,0.2472,0.4574,0.6449,0.7699,0.8352,0.892,0.929,0.9375,0.9631,1.0
citeseer_graphsage_dice_lr,0.2216,0.4517,0.6591,0.7386,0.8068,0.8438,0.8693,0.8977,0.9517,1.0
citeseer_graphsage_dice_mutation,0.2642,0.4801,0.6392,0.7642,0.8466,0.8778,0.9091,0.9602,0.9858,1.0
citeseer_graphsage_dice_margin,0.2045,0.3807,0.5312,0.6534,0.7528,0.8352,0.9006,0.9489,0.9886,1.0
citeseer_graphsage_dice_deepGini,0.1676,0.3182,0.4375,0.5483,0.6477,0.7443,0.8125,0.8778,0.9659,1.0
citeseer_graphsage_dice_leastConfidence,0.1875,0.3608,0.4915,0.6108,0.7216,0.8153,0.8949,0.9375,0.9688,1.0
citeseer_graphsage_dice_random,0.0966,0.1676,0.2955,0.3864,0.4773,0.6051,0.7074,0.7784,0.9062,1.0
citeseer_graphsage_minmax_dnn,0.2386,0.4673,0.683,0.7516,0.7941,0.8301,0.866,0.902,0.9346,1.0
citeseer_graphsage_minmax_lgb,0.2418,0.5196,0.6601,0.7255,0.7974,0.8431,0.8922,0.9346,0.9608,1.0
citeseer_graphsage_minmax_rf,0.2745,0.5359,0.6732,0.7941,0.8627,0.8889,0.9216,0.9608,0.9804,1.0
citeseer_graphsage_minmax_lr,0.1993,0.4575,0.6634,0.719,0.768,0.8235,0.8562,0.9052,0.9314,1.0
citeseer_graphsage_minmax_mutation,0.3105,0.549,0.683,0.781,0.8497,0.8922,0.9412,0.9673,0.9869,1.0
citeseer_graphsage_minmax_margin,0.2157,0.3856,0.5294,0.6732,0.7614,0.8497,0.9183,0.9477,0.9837,1.0
citeseer_graphsage_minmax_deepGini,0.1699,0.3366,0.4575,0.5654,0.6667,0.7516,0.8203,0.8758,0.9575,1.0
citeseer_graphsage_minmax_leastConfidence,0.2059,0.3922,0.5261,0.6275,0.7255,0.8333,0.915,0.9314,0.9739,1.0
citeseer_graphsage_minmax_random,0.0915,0.2059,0.3007,0.4183,0.4869,0.6013,0.6765,0.7778,0.8889,1.0
citeseer_graphsage_pgdattack_dnn,0.2417,0.4934,0.6656,0.7517,0.7748,0.7914,0.8212,0.8576,0.8974,1.0
citeseer_graphsage_pgdattack_lgb,0.2616,0.4967,0.6623,0.7384,0.8013,0.8642,0.9007,0.9338,0.9702,1.0
citeseer_graphsage_pgdattack_rf,0.2815,0.5265,0.6887,0.8013,0.8709,0.9106,0.9338,0.957,0.9801,1.0
citeseer_graphsage_pgdattack_lr,0.2351,0.4702,0.649,0.7318,0.7848,0.8046,0.8543,0.904,0.9437,1.0
citeseer_graphsage_pgdattack_mutation,0.3013,0.5298,0.6821,0.8046,0.8642,0.904,0.947,0.9735,0.9901,1.0
citeseer_graphsage_pgdattack_margin,0.2219,0.4106,0.5563,0.6854,0.7748,0.8609,0.9172,0.947,0.9801,1.0
citeseer_graphsage_pgdattack_deepGini,0.1788,0.3344,0.4603,0.5695,0.6689,0.7483,0.8311,0.8874,0.9636,1.0
citeseer_graphsage_pgdattack_leastConfidence,0.1987,0.394,0.543,0.6424,0.745,0.8377,0.9007,0.9272,0.9768,1.0
citeseer_graphsage_pgdattack_random,0.0894,0.1854,0.2881,0.394,0.5,0.6192,0.7053,0.7947,0.894,1.0
citeseer_graphsage_randomattack_add_dnn,0.2301,0.4838,0.6844,0.7139,0.7552,0.7876,0.8407,0.9027,0.9381,1.0
citeseer_graphsage_randomattack_add_lgb,0.2478,0.4897,0.6726,0.7994,0.882,0.9263,0.9499,0.9646,0.9823,1.0
citeseer_graphsage_randomattack_add_rf,0.2566,0.4956,0.6903,0.8053,0.8643,0.8879,0.9115,0.9351,0.9735,1.0
citeseer_graphsage_randomattack_add_lr,0.2183,0.4897,0.6814,0.7404,0.7817,0.8407,0.8909,0.9263,0.9794,1.0
citeseer_graphsage_randomattack_add_mutation,0.2743,0.4985,0.6785,0.7994,0.8673,0.8909,0.9233,0.9617,0.9912,1.0
citeseer_graphsage_randomattack_add_margin,0.1888,0.3599,0.5162,0.6342,0.7552,0.826,0.8968,0.944,0.9882,1.0
citeseer_graphsage_randomattack_add_deepGini,0.1947,0.3333,0.4661,0.5811,0.6873,0.7581,0.8348,0.885,0.9735,1.0
citeseer_graphsage_randomattack_add_leastConfidence,0.2212,0.3805,0.5162,0.6372,0.7345,0.8201,0.8791,0.941,0.9764,1.0
citeseer_graphsage_randomattack_add_random,0.1239,0.2448,0.354,0.4366,0.5251,0.6313,0.7168,0.8142,0.9115,1.0
citeseer_graphsage_randomattack_flip_dnn,0.2292,0.4814,0.6791,0.7536,0.7794,0.808,0.8567,0.9198,0.9771,1.0
citeseer_graphsage_randomattack_flip_lgb,0.2693,0.5072,0.6734,0.788,0.8453,0.894,0.914,0.9312,0.9599,1.0
citeseer_graphsage_randomattack_flip_rf,0.2665,0.5043,0.6791,0.8138,0.8539,0.8883,0.914,0.9255,0.9513,1.0
citeseer_graphsage_randomattack_flip_lr,0.2235,0.4756,0.6762,0.7593,0.8138,0.8453,0.8911,0.9312,0.9628,1.0
citeseer_graphsage_randomattack_flip_mutation,0.2779,0.5043,0.6791,0.7994,0.8567,0.8883,0.9284,0.9713,0.9885,1.0
citeseer_graphsage_randomattack_flip_margin,0.1948,0.3725,0.5014,0.6246,0.745,0.8281,0.9026,0.9484,0.9799,1.0
citeseer_graphsage_randomattack_flip_deepGini,0.1748,0.341,0.4728,0.5903,0.6791,0.7507,0.8109,0.8797,0.9513,1.0
citeseer_graphsage_randomattack_flip_leastConfidence,0.1805,0.3754,0.5244,0.6447,0.7421,0.8252,0.8997,0.9284,0.9685,1.0
citeseer_graphsage_randomattack_flip_random,0.1003,0.2149,0.3095,0.4355,0.5358,0.6304,0.7335,0.8195,0.9026,1.0
citeseer_graphsage_randomattack_remove_dnn,0.264,0.5248,0.6708,0.6957,0.7329,0.7795,0.8323,0.8882,0.9472,1.0
citeseer_graphsage_randomattack_remove_lgb,0.2888,0.5217,0.6832,0.7484,0.8106,0.8634,0.9099,0.9255,0.9441,1.0
citeseer_graphsage_randomattack_remove_rf,0.2888,0.5093,0.677,0.8012,0.8385,0.8602,0.9006,0.9441,0.9658,1.0
citeseer_graphsage_randomattack_remove_lr,0.2547,0.5186,0.6801,0.7298,0.7795,0.8106,0.8634,0.9068,0.9503,1.0
citeseer_graphsage_randomattack_remove_mutation,0.2919,0.5248,0.6863,0.7919,0.8571,0.8882,0.9193,0.9627,0.9876,1.0
citeseer_graphsage_randomattack_remove_margin,0.2019,0.4006,0.5497,0.6708,0.7795,0.8571,0.9068,0.9441,0.9814,1.0
citeseer_graphsage_randomattack_remove_deepGini,0.1894,0.3509,0.4814,0.5807,0.6708,0.7578,0.8447,0.8975,0.9627,1.0
citeseer_graphsage_randomattack_remove_leastConfidence,0.205,0.3727,0.5404,0.6398,0.7516,0.8323,0.9006,0.9317,0.9783,1.0
citeseer_graphsage_randomattack_remove_random,0.1118,0.2112,0.3292,0.4472,0.5745,0.6429,0.7422,0.8323,0.9348,1.0
